feature,mean_abs_shap,mean_pos_shap,mean_neg_shap
price_lag_0,90.51345216841162,90.51345216841162,0.0
VangVN_Buy Price,87.44538307664719,0.0,-87.44538307664719
brent_lag_0,64.52411881269194,0.0,-64.52411881269194
brent_mean_30,31.99666836850816,31.99666836850816,0.0
brent_lag_7,27.19355161430838,0.0,-27.19355161430838
days_since_last_change,12.616831232683888,3.2012663059014357,-9.415564926782455
Misc_Rigs,5.896736329181094,4.697325459592199,-1.1994108695888934
