,RMSE,MAE,MAPE
XGBoost,186.8783563853265,70.44809870393536,0.0033897865297410606
LightGBM,182.59635862270807,71.46201756388155,0.0034365080888290904
RandomForest,185.356974692001,65.00426179604271,0.0031320878998540077
SARIMAX,665.0631675767554,457.4621547727696,0.02208144718801158
