,RMSE,MAE,MAPE,Directional_Accuracy
XGBoost,253.96672152784024,131.94974184845103,0.006407094744280831,0.9468085106382979
LightGBM,188.9300246646915,87.47715675746296,0.004211334177222465,1.0
RandomForest,209.04565620331218,107.42298325722983,0.005202577175599294,0.9574468085106383
Ensemble (RF+LGBM),195.25509580408587,95.64478701529971,0.004622580607286335,0.9787234042553191
SARIMAX,665.0631675768503,457.4621547727931,0.022081447188012828,0.5851063829787234
