,RMSE,MAE,MAPE,Directional_Accuracy
XGBoost,226.26646556435992,115.61026195267179,0.005575148925678732,0.9148936170212766
LightGBM,177.5213862665589,77.58753160402833,0.003736545871096791,0.9893617021276596
RandomForest,239.75336261634524,126.11385083713843,0.006102016206733382,0.9148936170212766
Ensemble (RF+LGBM),204.2467921642821,99.9030860026255,0.004825673213895881,0.925531914893617
SARIMAX,665.0631675768503,457.4621547727931,0.022081447188012828,0.5851063829787234
